orf,entry,name,start,end,repeat
YAR003W,P39706,SWD1,24,63,WD1
YAR003W,P39706,SWD1,70,109,WD2
YAR003W,P39706,SWD1,212,251,WD3
YAR003W,P39706,SWD1,310,350,WD5
YAR003W,P39706,SWD1,264,307,WD4
YBL008W,P32479,HIR1,312,350,WD6
YBL008W,P32479,HIR1,15,54,WD1
YBL008W,P32479,HIR1,77,116,WD2
YBL008W,P32479,HIR1,135,174,WD3
YBL008W,P32479,HIR1,177,216,WD4
YBL008W,P32479,HIR1,354,393,WD7
YBL008W,P32479,HIR1,230,273,WD5
YBL104C,P38164,SEA4,50,90,WD1
YBL104C,P38164,SEA4,235,276,WD3
YBL104C,P38164,SEA4,147,189,WD2
YBL104C,P38164,SEA4,544,587,WD4
YBL106C,P38163,SRO77,829,852,WD14
YBL106C,P38163,SRO77,47,80,WD1
YBL106C,P38163,SRO77,182,215,WD4
YBL106C,P38163,SRO77,602,637,WD10
YBL106C,P38163,SRO77,87,122,WD2
YBL106C,P38163,SRO77,240,275,WD5
YBL106C,P38163,SRO77,372,407,WD7
YBL106C,P38163,SRO77,127,163,WD3
YBL106C,P38163,SRO77,768,815,WD13
YBL106C,P38163,SRO77,649,700,WD11
YBL106C,P38163,SRO77,709,763,WD12
YBL106C,P38163,SRO77,299,364,WD6
YBL106C,P38163,SRO77,431,504,WD8
YBL106C,P38163,SRO77,518,595,WD9
YBR103W,P38262,SIF2,316,345,WD4
YBR103W,P38262,SIF2,399,428,WD6
YBR103W,P38262,SIF2,218,248,WD2
YBR103W,P38262,SIF2,259,289,WD3
YBR103W,P38262,SIF2,357,387,WD5
YBR103W,P38262,SIF2,440,470,WD7
YBR103W,P38262,SIF2,155,186,WD1
YBR103W,P38262,SIF2,503,534,WD8
YBR175W,P38123,SWD3,285,314,WD6
YBR175W,P38123,SWD3,94,133,WD2
YBR175W,P38123,SWD3,53,93,WD1
YBR175W,P38123,SWD3,238,278,WD5
YBR175W,P38123,SWD3,187,228,WD4
YBR175W,P38123,SWD3,136,178,WD3
YBR195C,P13712,MSI1,127,158,WD1
YBR195C,P13712,MSI1,382,421,WD6
YBR195C,P13712,MSI1,198,238,WD2
YBR195C,P13712,MSI1,249,289,WD3
YBR195C,P13712,MSI1,294,334,WD4
YBR195C,P13712,MSI1,338,379,WD5
YBR198C,P38129,TAF5,464,503,WD1
YBR198C,P38129,TAF5,523,562,WD2
YBR198C,P38129,TAF5,565,604,WD3
YBR198C,P38129,TAF5,607,646,WD4
YBR198C,P38129,TAF5,649,688,WD5
YBR198C,P38129,TAF5,692,731,WD6
YBR234C,P38328,ARC40,349,383,WD5
YBR234C,P38328,ARC40,61,99,WD1
YBR234C,P38328,ARC40,151,190,WD3
YBR234C,P38328,ARC40,212,251,WD4
YBR234C,P38328,ARC40,105,146,WD2
YBR246W,P38332,RRT2,357,387,WD5
YBR246W,P38332,RRT2,62,102,WD1
YBR246W,P38332,RRT2,119,159,WD2
YBR246W,P38332,RRT2,195,237,WD3
YBR246W,P38332,RRT2,241,286,WD4
YBR281C,P38149,DUG2,18,57,WD1
YBR281C,P38149,DUG2,68,107,WD2
YBR281C,P38149,DUG2,235,274,WD3
YBR281C,P38149,DUG2,282,322,WD4
YBR281C,P38149,DUG2,362,405,WD5
YBR281C,P38149,DUG2,608,651,WD6
YCL039W,P25569,GID7,710,745,WD7
YCL039W,P25569,GID7,369,408,WD3
YCL039W,P25569,GID7,540,579,WD4
YCL039W,P25569,GID7,613,652,WD5
YCL039W,P25569,GID7,657,696,WD6
YCL039W,P25569,GID7,167,209,WD1
YCL039W,P25569,GID7,322,365,WD2
YCR032W,P25356,BPH1,2017,2054,WD3
YCR032W,P25356,BPH1,1927,1965,WD1
YCR032W,P25356,BPH1,2129,2167,WD5
YCR032W,P25356,BPH1,1976,2015,WD2
YCR032W,P25356,BPH1,2072,2111,WD4
YCR057C,P25635,PWP2,676,714,WD14
YCR057C,P25635,PWP2,94,132,WD3
YCR057C,P25635,PWP2,471,510,WD11
YCR057C,P25635,PWP2,513,552,WD12
YCR057C,P25635,PWP2,575,614,WD13
YCR057C,P25635,PWP2,144,183,WD4
YCR057C,P25635,PWP2,189,228,WD5
YCR057C,P25635,PWP2,258,297,WD6
YCR057C,P25635,PWP2,343,382,WD8
YCR057C,P25635,PWP2,385,424,WD9
YCR057C,P25635,PWP2,12,52,WD1
YCR057C,P25635,PWP2,53,93,WD2
YCR057C,P25635,PWP2,300,340,WD7
YCR057C,P25635,PWP2,428,470,WD10
YCR072C,P25382,RSA4,484,515,WD8
YCR072C,P25382,RSA4,276,314,WD4
YCR072C,P25382,RSA4,184,223,WD2
YCR072C,P25382,RSA4,400,439,WD6
YCR072C,P25382,RSA4,442,481,WD7
YCR072C,P25382,RSA4,141,181,WD1
YCR072C,P25382,RSA4,352,396,WD5
YCR072C,P25382,RSA4,227,273,WD3
YCR084C,P16649,TUP1,342,371,WD1
YCR084C,P16649,TUP1,441,471,WD2
YCR084C,P16649,TUP1,483,513,WD3
YCR084C,P16649,TUP1,574,604,WD5
YCR084C,P16649,TUP1,628,658,WD6
YCR084C,P16649,TUP1,524,555,WD4
YCR084C,P16649,TUP1,670,706,WD7
YDL145C,P53622,COP1,9,39,WD1
YDL145C,P53622,COP1,51,81,WD2
YDL145C,P53622,COP1,93,123,WD3
YDL145C,P53622,COP1,135,165,WD4
YDL145C,P53622,COP1,207,237,WD5
YDL145C,P53622,COP1,251,281,WD6
YDL156W,Q12510,CMR1,388,427,WD5
YDL156W,Q12510,CMR1,442,481,WD6
YDL156W,Q12510,CMR1,482,521,WD7
YDL156W,Q12510,CMR1,287,327,WD3
YDL156W,Q12510,CMR1,331,371,WD4
YDL156W,Q12510,CMR1,183,224,WD1
YDL156W,Q12510,CMR1,239,281,WD2
YDL195W,P38968,SEC31,385,405,WD8
YDL195W,P38968,SEC31,60,99,WD2
YDL195W,P38968,SEC31,6,46,WD1
YDL195W,P38968,SEC31,106,146,WD3
YDL195W,P38968,SEC31,158,198,WD4
YDL195W,P38968,SEC31,255,295,WD6
YDL195W,P38968,SEC31,298,338,WD7
YDL195W,P38968,SEC31,207,250,WD5
YDR030C,Q12021,RAD28,55,94,WD1
YDR030C,Q12021,RAD28,357,396,WD4
YDR030C,Q12021,RAD28,193,233,WD2
YDR030C,Q12021,RAD28,285,325,WD3
YDR030C,Q12021,RAD28,404,451,WD5
YDR128W,Q03897,MTC5,156,195,WD3
YDR128W,Q03897,MTC5,112,152,WD2
YDR128W,Q03897,MTC5,199,239,WD4
YDR128W,Q03897,MTC5,63,106,WD1
YDR128W,Q03897,MTC5,299,348,WD5
YDR142C,P39108,PEX7,58,89,WD1
YDR142C,P39108,PEX7,102,133,WD2
YDR142C,P39108,PEX7,172,203,WD3
YDR142C,P39108,PEX7,218,249,WD4
YDR142C,P39108,PEX7,281,312,WD5
YDR142C,P39108,PEX7,340,372,WD6
YDR165W,Q03774,TRM82,238,279,WD6
YDR165W,Q03774,TRM82,148,192,WD4
YDR165W,Q03774,TRM82,193,237,WD5
YDR165W,Q03774,TRM82,1,47,WD1
YDR165W,Q03774,TRM82,308,354,WD7
YDR165W,Q03774,TRM82,100,147,WD3
YDR165W,Q03774,TRM82,48,99,WD2
YDR267C,Q05583,CIA1,248,286,WD6
YDR267C,Q05583,CIA1,292,330,WD7
YDR267C,Q05583,CIA1,56,95,WD2
YDR267C,Q05583,CIA1,105,144,WD3
YDR267C,Q05583,CIA1,151,190,WD4
YDR267C,Q05583,CIA1,12,53,WD1
YDR267C,Q05583,CIA1,195,236,WD5
YDR324C,Q06679,UTP4,35,40,WD1
YDR324C,Q06679,UTP4,417,452,WD6
YDR324C,Q06679,UTP4,178,214,WD3
YDR324C,Q06679,UTP4,230,266,WD4
YDR324C,Q06679,UTP4,132,169,WD2
YDR324C,Q06679,UTP4,271,308,WD5
YDR364C,P40968,CDC40,424,454,WD6
YDR364C,P40968,CDC40,204,243,WD2
YDR364C,P40968,CDC40,291,330,WD3
YDR364C,P40968,CDC40,334,373,WD4
YDR364C,P40968,CDC40,160,200,WD1
YDR364C,P40968,CDC40,379,422,WD5
YDR398W,Q04177,UTP5,186,225,WD3
YDR398W,Q04177,UTP5,227,266,WD4
YDR398W,Q04177,UTP5,14,54,WD1
YDR398W,Q04177,UTP5,471,511,WD6
YDR398W,Q04177,UTP5,55,98,WD2
YDR398W,Q04177,UTP5,340,389,WD5
YDR488C,P40960,PAC11,380,422,WD1
YDR488C,P40960,PAC11,432,475,WD2
YEL056W,P39984,HAT2,116,147,WD1
YEL056W,P39984,HAT2,158,189,WD2
YEL056W,P39984,HAT2,206,237,WD3
YEL056W,P39984,HAT2,249,280,WD4
YEL056W,P39984,HAT2,293,324,WD5
YEL056W,P39984,HAT2,350,381,WD6
YER066W,P40042,RRT13,71,108,WD2
YER066W,P40042,RRT13,111,148,WD3
YER066W,P40042,RRT13,9,48,WD1
YER082C,P40055,UTP7,314,351,WD4
YER082C,P40055,UTP7,230,269,WD2
YER082C,P40055,UTP7,272,311,WD3
YER082C,P40055,UTP7,108,149,WD1
YER107C,P40066,GLE2,78,117,WD2
YER107C,P40066,GLE2,267,306,WD4
YER107C,P40066,GLE2,34,74,WD1
YER107C,P40066,GLE2,119,162,WD3
YER124C,P40077,DSE1,315,351,WD2
YER124C,P40077,DSE1,356,395,WD3
YER124C,P40077,DSE1,144,185,WD1
YER124C,P40077,DSE1,397,448,WD4
YFL009W,P07834,CDC4,380,408,WD1
YFL009W,P07834,CDC4,528,556,WD4
YFL009W,P07834,CDC4,630,658,WD6
YFL009W,P07834,CDC4,420,449,WD2
YFL009W,P07834,CDC4,669,698,WD7
YFL009W,P07834,CDC4,568,598,WD5
YFL009W,P07834,CDC4,461,493,WD3
YFR021W,P43601,ATG18,288,327,WD2
YFR021W,P43601,ATG18,243,283,WD1
YGL003C,P53197,CDH1,342,379,WD3
YGL003C,P53197,CDH1,300,339,WD2
YGL003C,P53197,CDH1,383,422,WD4
YGL003C,P53197,CDH1,513,552,WD7
YGL003C,P53197,CDH1,258,298,WD1
YGL003C,P53197,CDH1,469,510,WD6
YGL003C,P53197,CDH1,425,467,WD5
YGL004C,P53196,RPN14,380,416,WD6
YGL004C,P53196,RPN14,134,173,WD1
YGL004C,P53196,RPN14,176,215,WD2
YGL004C,P53196,RPN14,242,281,WD3
YGL004C,P53196,RPN14,285,325,WD4
YGL004C,P53196,RPN14,330,371,WD5
YGL094C,P53010,PAN2,27,66,WD1
YGL094C,P53010,PAN2,155,194,WD3
YGL094C,P53010,PAN2,197,236,WD4
YGL094C,P53010,PAN2,295,334,WD5
YGL094C,P53010,PAN2,112,153,WD2
YGL100W,P53011,SEH1,7,46,WD1
YGL100W,P53011,SEH1,153,192,WD4
YGL100W,P53011,SEH1,302,341,WD6
YGL100W,P53011,SEH1,53,94,WD2
YGL100W,P53011,SEH1,106,147,WD3
YGL100W,P53011,SEH1,210,253,WD5
YGL116W,P26309,CDC20,342,379,WD3
YGL116W,P26309,CDC20,257,296,WD1
YGL116W,P26309,CDC20,299,338,WD2
YGL116W,P26309,CDC20,383,422,WD4
YGL116W,P26309,CDC20,523,562,WD7
YGL116W,P26309,CDC20,425,467,WD5
YGL116W,P26309,CDC20,469,519,WD6
YGL137W,P41811,SEC27,11,41,WD1
YGL137W,P41811,SEC27,53,83,WD2
YGL137W,P41811,SEC27,95,125,WD3
YGL137W,P41811,SEC27,226,256,WD6
YGL137W,P41811,SEC27,138,169,WD4
YGL137W,P41811,SEC27,182,214,WD5
YGL190C,Q00362,CDC55,495,525,WD7
YGL190C,Q00362,CDC55,182,220,WD3
YGL190C,Q00362,CDC55,290,328,WD5
YGL190C,Q00362,CDC55,23,62,WD1
YGL190C,Q00362,CDC55,231,271,WD4
YGL190C,Q00362,CDC55,82,123,WD2
YGL190C,Q00362,CDC55,345,386,WD6
YGL213C,Q02793,SKI8,21,42,WD1
YGL213C,Q02793,SKI8,191,213,WD4
YGL213C,Q02793,SKI8,296,319,WD6
YGL213C,Q02793,SKI8,238,264,WD5
YGL213C,Q02793,SKI8,126,157,WD3
YGL213C,Q02793,SKI8,359,392,WD7
YGL213C,Q02793,SKI8,67,101,WD2
YGR054W,P53235,,186,224,WD2
YGR054W,P53235,,289,331,WD3
YGR054W,P53235,,374,419,WD4
YGR054W,P53235,,69,115,WD1
YGR145W,P48234,ENP2,178,217,WD2
YGR145W,P48234,ENP2,226,265,WD3
YGR145W,P48234,ENP2,312,351,WD5
YGR145W,P48234,ENP2,54,94,WD1
YGR145W,P48234,ENP2,269,310,WD4
YGR200C,P42935,ELP2,438,466,WD7
YGR200C,P42935,ELP2,101,130,WD2
YGR200C,P42935,ELP2,57,87,WD1
YGR200C,P42935,ELP2,279,309,WD5
YGR200C,P42935,ELP2,383,413,WD6
YGR200C,P42935,ELP2,604,634,WD8
YGR200C,P42935,ELP2,651,683,WD9
YGR200C,P42935,ELP2,200,234,WD4
YGR200C,P42935,ELP2,141,181,WD3
YGR223C,P50079,HSV2,267,306,WD2
YGR223C,P50079,HSV2,222,262,WD1
YGR225W,P50082,AMA1,226,264,WD1
YGR225W,P50082,AMA1,271,310,WD2
YGR225W,P50082,AMA1,388,427,WD4
YGR225W,P50082,AMA1,525,564,WD6
YGR225W,P50082,AMA1,323,364,WD3
YGR225W,P50082,AMA1,432,474,WD5
YIL046W,P39014,MET30,300,328,WD1
YIL046W,P39014,MET30,340,368,WD2
YIL046W,P39014,MET30,380,408,WD3
YIL046W,P39014,MET30,550,578,WD7
YIL046W,P39014,MET30,607,635,WD8
YIL046W,P39014,MET30,509,538,WD6
YIL046W,P39014,MET30,419,449,WD4
YIL046W,P39014,MET30,461,499,WD5
YIR012W,P35184,SQT1,350,387,WD6
YIR012W,P35184,SQT1,63,102,WD1
YIR012W,P35184,SQT1,107,146,WD2
YIR012W,P35184,SQT1,309,348,WD5
YIR012W,P35184,SQT1,149,192,WD3
YIR012W,P35184,SQT1,199,243,WD4
YJL069C,P40362,UTP18,560,593,WD5
YJL069C,P40362,UTP18,246,285,WD1
YJL069C,P40362,UTP18,463,504,WD3
YJL069C,P40362,UTP18,513,554,WD4
YJL069C,P40362,UTP18,290,334,WD2
YJL112W,P47025,MDV1,685,714,WD7
YJL112W,P47025,MDV1,644,681,WD6
YJL112W,P47025,MDV1,604,642,WD5
YJL112W,P47025,MDV1,439,478,WD2
YJL112W,P47025,MDV1,500,539,WD3
YJL112W,P47025,MDV1,396,436,WD1
YJL112W,P47025,MDV1,561,603,WD4
YJR033C,P47104,RAV1,98,134,WD1
YJR033C,P47104,RAV1,384,423,WD4
YJR033C,P47104,RAV1,431,470,WD5
YJR033C,P47104,RAV1,142,182,WD2
YJR033C,P47104,RAV1,595,636,WD6
YJR033C,P47104,RAV1,638,679,WD7
YJR033C,P47104,RAV1,898,939,WD8
YJR033C,P47104,RAV1,190,239,WD3
YKL018W,P36104,SWD2,298,328,WD6
YKL018W,P36104,SWD2,25,64,WD1
YKL018W,P36104,SWD2,111,150,WD2
YKL018W,P36104,SWD2,152,191,WD3
YKL018W,P36104,SWD2,199,238,WD4
YKL018W,P36104,SWD2,246,287,WD5
YKL021C,P20484,MAK11,50,78,WD1
YKL021C,P20484,MAK11,238,267,WD5
YKL021C,P20484,MAK11,147,177,WD3
YKL021C,P20484,MAK11,189,221,WD4
YKL021C,P20484,MAK11,298,330,WD6
YKL021C,P20484,MAK11,90,135,WD2
YKL121W,P32330,DGR2,278,316,WD2
YKL121W,P32330,DGR2,651,689,WD6
YKL121W,P32330,DGR2,171,210,WD1
YKL121W,P32330,DGR2,476,515,WD5
YKL121W,P32330,DGR2,318,358,WD3
YKL121W,P32330,DGR2,426,471,WD4
YKL213C,P36037,DOA1,97,125,WD3
YKL213C,P36037,DOA1,11,40,WD1
YKL213C,P36037,DOA1,53,82,WD2
YKL213C,P36037,DOA1,177,206,WD5
YKL213C,P36037,DOA1,218,247,WD6
YKL213C,P36037,DOA1,259,288,WD7
YKL213C,P36037,DOA1,135,166,WD4
YKR036C,P36130,CAF4,614,643,WD7
YKR036C,P36130,CAF4,568,603,WD6
YKR036C,P36130,CAF4,422,461,WD3
YKR036C,P36130,CAF4,527,566,WD5
YKR036C,P36130,CAF4,317,357,WD1
YKR036C,P36130,CAF4,360,400,WD2
YKR036C,P36130,CAF4,479,526,WD4
YLL011W,P33750,SOF1,177,214,WD3
YLL011W,P33750,SOF1,303,342,WD6
YLL011W,P33750,SOF1,346,385,WD7
YLL011W,P33750,SOF1,65,105,WD1
YLL011W,P33750,SOF1,217,257,WD4
YLL011W,P33750,SOF1,259,299,WD5
YLL011W,P33750,SOF1,113,158,WD2
YLL036C,P32523,PRP19,372,410,WD2
YLL036C,P32523,PRP19,328,367,WD1
YLL036C,P32523,PRP19,418,458,WD3
YLR055C,P38915,SPT8,506,544,WD4
YLR055C,P38915,SPT8,173,212,WD1
YLR055C,P38915,SPT8,415,454,WD3
YLR055C,P38915,SPT8,560,600,WD5
YLR055C,P38915,SPT8,305,346,WD2
YLR129W,Q12220,DIP2,202,230,WD4
YLR129W,Q12220,DIP2,161,190,WD3
YLR129W,Q12220,DIP2,389,418,WD5
YLR129W,Q12220,DIP2,77,107,WD1
YLR129W,Q12220,DIP2,655,685,WD10
YLR129W,Q12220,DIP2,119,149,WD2
YLR129W,Q12220,DIP2,428,458,WD6
YLR129W,Q12220,DIP2,471,501,WD7
YLR129W,Q12220,DIP2,571,601,WD8
YLR129W,Q12220,DIP2,613,643,WD9
YLR196W,P21304,PWP1,376,414,WD4
YLR196W,P21304,PWP1,284,324,WD2
YLR196W,P21304,PWP1,329,369,WD3
YLR196W,P21304,PWP1,420,461,WD5
YLR196W,P21304,PWP1,472,514,WD6
YLR196W,P21304,PWP1,207,252,WD1
YLR208W,Q04491,SEC13,7,46,WD1
YLR208W,Q04491,SEC13,252,291,WD6
YLR208W,Q04491,SEC13,51,92,WD2
YLR208W,Q04491,SEC13,97,138,WD3
YLR208W,Q04491,SEC13,202,244,WD5
YLR208W,Q04491,SEC13,143,195,WD4
YLR222C,Q05946,UTP13,102,139,WD2
YLR222C,Q05946,UTP13,616,654,WD11
YLR222C,Q05946,UTP13,386,425,WD6
YLR222C,Q05946,UTP13,489,528,WD8
YLR222C,Q05946,UTP13,59,100,WD1
YLR222C,Q05946,UTP13,573,614,WD10
YLR222C,Q05946,UTP13,664,705,WD12
YLR222C,Q05946,UTP13,531,572,WD9
YLR222C,Q05946,UTP13,191,233,WD4
YLR222C,Q05946,UTP13,238,280,WD5
YLR222C,Q05946,UTP13,432,476,WD7
YLR222C,Q05946,UTP13,142,187,WD3
YLR409C,Q06078,UTP21,81,111,WD2
YLR409C,Q06078,UTP21,40,71,WD1
YLR409C,Q06078,UTP21,168,201,WD4
YLR409C,Q06078,UTP21,463,497,WD10
YLR409C,Q06078,UTP21,354,388,WD8
YLR409C,Q06078,UTP21,546,581,WD12
YLR409C,Q06078,UTP21,252,287,WD6
YLR409C,Q06078,UTP21,505,541,WD11
YLR409C,Q06078,UTP21,208,245,WD5
YLR409C,Q06078,UTP21,626,664,WD14
YLR409C,Q06078,UTP21,119,158,WD3
YLR409C,Q06078,UTP21,415,454,WD9
YLR409C,Q06078,UTP21,583,624,WD13
YLR409C,Q06078,UTP21,295,347,WD7
YLR429W,Q06440,CRN1,180,210,WD3
YLR429W,Q06440,CRN1,79,110,WD1
YLR429W,Q06440,CRN1,138,169,WD2
YLR429W,Q06440,CRN1,226,257,WD4
YML102W,Q04199,CAC2,69,108,WD2
YML102W,Q04199,CAC2,143,182,WD3
YML102W,Q04199,CAC2,185,224,WD4
YML102W,Q04199,CAC2,11,52,WD1
YML102W,Q04199,CAC2,371,413,WD5
YMR049C,Q04660,ERB1,776,807,WD7
YMR049C,Q04660,ERB1,637,675,WD4
YMR049C,Q04660,ERB1,435,474,WD1
YMR049C,Q04660,ERB1,678,717,WD5
YMR049C,Q04660,ERB1,721,760,WD6
YMR049C,Q04660,ERB1,483,523,WD2
YMR049C,Q04660,ERB1,592,634,WD3
YMR092C,P46680,AIP1,400,433,WD10
YMR092C,P46680,AIP1,364,399,WD9
YMR092C,P46680,AIP1,326,363,WD8
YMR092C,P46680,AIP1,434,473,WD11
YMR092C,P46680,AIP1,570,611,WD14
YMR092C,P46680,AIP1,474,516,WD12
YMR092C,P46680,AIP1,147,189,WD4
YMR092C,P46680,AIP1,2,45,WD1
YMR092C,P46680,AIP1,236,280,WD6
YMR092C,P46680,AIP1,281,325,WD7
YMR092C,P46680,AIP1,190,235,WD5
YMR092C,P46680,AIP1,46,94,WD2
YMR092C,P46680,AIP1,95,146,WD3
YMR092C,P46680,AIP1,517,569,WD13
YMR093W,Q04305,UTP15,210,247,WD5
YMR093W,Q04305,UTP15,124,162,WD3
YMR093W,Q04305,UTP15,79,118,WD2
YMR093W,Q04305,UTP15,166,206,WD4
YMR093W,Q04305,UTP15,37,78,WD1
YMR093W,Q04305,UTP15,250,294,WD6
YMR102C,Q03177,,276,314,WD2
YMR102C,Q03177,,171,210,WD1
YMR102C,Q03177,,316,356,WD3
YMR102C,Q03177,,358,398,WD4
YMR102C,Q03177,,423,468,WD5
YMR116C,P38011,ASC1,284,319,WD7
YMR116C,P38011,ASC1,63,102,WD2
YMR116C,P38011,ASC1,194,233,WD5
YMR116C,P38011,ASC1,15,55,WD1
YMR116C,P38011,ASC1,105,145,WD3
YMR116C,P38011,ASC1,235,275,WD6
YMR116C,P38011,ASC1,147,191,WD4
YMR131C,Q04225,RRB1,477,510,WD4
YMR131C,Q04225,RRB1,319,359,WD1
YMR131C,Q04225,RRB1,364,404,WD2
YMR131C,Q04225,RRB1,415,455,WD3
YMR146C,P40217,TIF34,8,47,WD1
YMR146C,P40217,TIF34,50,89,WD2
YMR146C,P40217,TIF34,194,233,WD4
YMR146C,P40217,TIF34,291,330,WD5
YMR146C,P40217,TIF34,149,190,WD3
YNL006W,P41318,LST8,1,27,WD1
YNL006W,P41318,LST8,30,68,WD2
YNL006W,P41318,LST8,73,112,WD3
YNL006W,P41318,LST8,114,153,WD4
YNL006W,P41318,LST8,157,196,WD5
YNL006W,P41318,LST8,205,244,WD6
YNL006W,P41318,LST8,248,287,WD7
YNL035C,P53962,,146,186,WD2
YNL035C,P53962,,289,330,WD3
YNL035C,P53962,,11,53,WD1
YNL182C,P53877,IPI3,29,68,WD1
YNL182C,P53877,IPI3,137,176,WD3
YNL182C,P53877,IPI3,255,296,WD5
YNL182C,P53877,IPI3,342,383,WD6
YNL182C,P53877,IPI3,90,133,WD2
YNL182C,P53877,IPI3,187,234,WD4
YNL253W,P53851,TEX1,61,100,WD1
YNL253W,P53851,TEX1,158,197,WD2
YNL253W,P53851,TEX1,207,246,WD3
YNL253W,P53851,TEX1,251,290,WD4
YNL253W,P53851,TEX1,293,332,WD5
YNL317W,P42841,PFS2,133,163,WD1
YNL317W,P42841,PFS2,175,205,WD2
YNL317W,P42841,PFS2,217,247,WD3
YNL317W,P42841,PFS2,348,378,WD5
YNL317W,P42841,PFS2,259,290,WD4
YNR026C,P11655,SEC12,302,341,WD2
YNR026C,P11655,SEC12,259,300,WD1
YOL087C,Q99247,,428,466,WD7
YOL087C,Q99247,,266,305,WD5
YOL087C,Q99247,,387,426,WD6
YOL087C,Q99247,,160,200,WD3
YOL087C,Q99247,,21,62,WD1
YOL087C,Q99247,,91,132,WD2
YOL087C,Q99247,,219,262,WD4
YOL138C,Q08281,RTC1,305,342,WD3
YOL138C,Q08281,RTC1,489,527,WD6
YOL138C,Q08281,RTC1,367,406,WD4
YOL138C,Q08281,RTC1,1216,1255,WD9
YOL138C,Q08281,RTC1,256,296,WD2
YOL138C,Q08281,RTC1,843,883,WD7
YOL138C,Q08281,RTC1,1129,1169,WD8
YOL138C,Q08281,RTC1,207,248,WD1
YOL138C,Q08281,RTC1,439,486,WD5
YOR026W,P26449,BUB3,292,329,WD7
YOR026W,P26449,BUB3,9,48,WD1
YOR026W,P26449,BUB3,249,288,WD6
YOR026W,P26449,BUB3,97,137,WD3
YOR026W,P26449,BUB3,144,185,WD4
YOR026W,P26449,BUB3,54,96,WD2
YOR026W,P26449,BUB3,191,233,WD5
YOR038C,P32480,HIR2,10,47,WD1
YOR038C,P32480,HIR2,589,626,WD8
YOR038C,P32480,HIR2,163,201,WD3
YOR038C,P32480,HIR2,278,316,WD5
YOR038C,P32480,HIR2,320,359,WD6
YOR038C,P32480,HIR2,118,158,WD2
YOR038C,P32480,HIR2,237,277,WD4
YOR038C,P32480,HIR2,546,587,WD7
YOR212W,P18851,STE4,179,208,WD3
YOR212W,P18851,STE4,348,377,WD6
YOR212W,P18851,STE4,90,120,WD1
YOR212W,P18851,STE4,132,162,WD2
YOR212W,P18851,STE4,268,298,WD5
YOR212W,P18851,STE4,389,419,WD7
YOR212W,P18851,STE4,220,256,WD4
YOR229W,Q12206,WTM2,244,282,WD1
YOR229W,Q12206,WTM2,287,327,WD2
YOR229W,Q12206,WTM2,349,389,WD3
YOR230W,Q12363,WTM1,221,259,WD2
YOR230W,Q12363,WTM1,264,304,WD3
YOR230W,Q12363,WTM1,326,366,WD4
YOR230W,Q12363,WTM1,103,144,WD1
YOR269W,P39946,PAC1,457,492,WD7
YOR269W,P39946,PAC1,153,192,WD1
YOR269W,P39946,PAC1,295,334,WD4
YOR269W,P39946,PAC1,415,454,WD6
YOR269W,P39946,PAC1,251,292,WD3
YOR269W,P39946,PAC1,196,244,WD2
YOR269W,P39946,PAC1,347,395,WD5
YOR272W,Q12024,YTM1,424,460,WD7
YOR272W,Q12024,YTM1,142,180,WD2
YOR272W,Q12024,YTM1,206,244,WD3
YOR272W,Q12024,YTM1,101,140,WD1
YOR272W,Q12024,YTM1,327,366,WD5
YOR272W,Q12024,YTM1,285,325,WD4
YOR272W,Q12024,YTM1,373,413,WD6
YOR361C,P06103,PRT1,228,266,WD1
YOR361C,P06103,PRT1,484,524,WD4
YOR361C,P06103,PRT1,373,416,WD3
YOR361C,P06103,PRT1,544,589,WD5
YOR361C,P06103,PRT1,605,650,WD6
YOR361C,P06103,PRT1,277,325,WD2
YPL100W,Q02887,ATG21,346,385,WD2
YPL100W,Q02887,ATG21,294,334,WD1
YPL100W,Q02887,ATG21,448,488,WD3
YPL126W,Q02931,NAN1,295,334,WD1
YPL126W,Q02931,NAN1,605,645,WD4
YPL126W,Q02931,NAN1,552,595,WD3
YPL126W,Q02931,NAN1,490,542,WD2
YPL139C,Q03010,UME1,233,271,WD1
YPL139C,Q03010,UME1,276,316,WD2
YPL139C,Q03010,UME1,339,379,WD3
YPL139C,Q03010,UME1,411,451,WD4
YPL151C,Q12417,PRP46,306,335,WD5
YPL151C,Q12417,PRP46,348,377,WD6
YPL151C,Q12417,PRP46,180,210,WD2
YPL151C,Q12417,PRP46,222,252,WD3
YPL151C,Q12417,PRP46,264,294,WD4
YPL151C,Q12417,PRP46,397,427,WD7
YPL151C,Q12417,PRP46,137,168,WD1
YPL183C,Q08924,RTT10,5,41,WD1
YPL183C,Q08924,RTT10,709,747,WD10
YPL183C,Q08924,RTT10,975,1013,WD15
YPL183C,Q08924,RTT10,934,973,WD14
YPL183C,Q08924,RTT10,45,84,WD2
YPL183C,Q08924,RTT10,177,216,WD4
YPL183C,Q08924,RTT10,219,258,WD5
YPL183C,Q08924,RTT10,269,308,WD6
YPL183C,Q08924,RTT10,465,504,WD7
YPL183C,Q08924,RTT10,586,625,WD8
YPL183C,Q08924,RTT10,811,852,WD12
YPL183C,Q08924,RTT10,132,174,WD3
YPL183C,Q08924,RTT10,761,804,WD11
YPL183C,Q08924,RTT10,880,928,WD13
YPL183C,Q08924,RTT10,652,702,WD9
YPL247C,Q12523,,173,213,WD1
YPL247C,Q12523,,241,281,WD2
YPL247C,Q12523,,285,325,WD3
YPL247C,Q12523,,392,432,WD4
YPR032W,Q12038,SRO7,865,888,WD14
YPR032W,Q12038,SRO7,81,114,WD1
YPR032W,Q12038,SRO7,216,249,WD4
YPR032W,Q12038,SRO7,638,673,WD10
YPR032W,Q12038,SRO7,121,156,WD2
YPR032W,Q12038,SRO7,274,309,WD5
YPR032W,Q12038,SRO7,405,440,WD7
YPR032W,Q12038,SRO7,161,197,WD3
YPR032W,Q12038,SRO7,804,851,WD13
YPR032W,Q12038,SRO7,685,736,WD11
YPR032W,Q12038,SRO7,745,799,WD12
YPR032W,Q12038,SRO7,333,397,WD6
YPR032W,Q12038,SRO7,464,538,WD8
YPR032W,Q12038,SRO7,552,631,WD9
YPR085C,Q06822,ASA1,258,295,WD3
YPR085C,Q06822,ASA1,71,110,WD2
YPR085C,Q06822,ASA1,318,359,WD4
YPR085C,Q06822,ASA1,23,67,WD1
YPR135W,Q01454,CTF4,10,49,WD1
YPR135W,Q01454,CTF4,134,173,WD2
YPR135W,Q01454,CTF4,227,266,WD3
YPR135W,Q01454,CTF4,273,313,WD4
YPR135W,Q01454,CTF4,699,739,WD5
YPR137W,Q06506,RRP9,397,435,WD4
YPR137W,Q06506,RRP9,471,509,WD5
YPR137W,Q06506,RRP9,234,273,WD1
YPR137W,Q06506,RRP9,278,317,WD2
YPR137W,Q06506,RRP9,320,359,WD3
YPR137W,Q06506,RRP9,516,562,WD6
YPR169W,Q06214,JIP5,236,274,WD3
YPR169W,Q06214,JIP5,127,166,WD1
YPR169W,Q06214,JIP5,178,217,WD2
YPR169W,Q06214,JIP5,365,405,WD5
YPR169W,Q06214,JIP5,276,317,WD4
YPR178W,P20053,PRP4,435,464,WD7
YPR178W,P20053,PRP4,173,212,WD1
YPR178W,P20053,PRP4,263,302,WD3
YPR178W,P20053,PRP4,305,344,WD4
YPR178W,P20053,PRP4,347,386,WD5
YPR178W,P20053,PRP4,216,256,WD2
YPR178W,P20053,PRP4,391,432,WD6